id,company,founder_name,founder_role,email,phone,website,city,category,size,employee_estimate,employee_estimate_source,platform,intent_score,grade,why,signal,subject,body,outreach_status,source
170a30b6-0c1c-572a-9de2-2ef880319ac7,Amrapali Jewels Mid,,,info@amrapalijewels.com,916176839102,https://amrapalijewels.com,Jaipur,jewellery,,46,why_text,shopify,96.0,SALES_READY,WhatsApp present on site · No chatbot on site · Found 76 instances of return_policy references · Found 16 instances of shipping_info references,live_discovery,Amrapali Jewels Mid — WhatsApp replies before the cart goes cold,"Hi there,

I was looking at Amrapali Jewels Mid (Jaipur). What stood out is that WhatsApp present on site · No chatbot on site · Found 76 instances of return_policy references · Found 16 instances of shipping_info….

I'm Vansh, founder of Inowix. We built COMAI to handle WhatsApp and Instagram commerce chat for Indian jewellery brands — product questions, order updates, and follow-ups in seconds, including after hours.

For a team like yours on Shopify, that usually means more conversions from the same ad spend without adding another support shift.

Would a short 15-minute walkthrough of how COMAI could sit on Amrapali Jewels Mid's WhatsApp be useful?

Best,
Vansh Jhamb
Founder, Inowix
vansh@inowix.in
https://inowix.in",sent,live_verified_enrichment
b49c7346-0c35-5d16-9131-f4c2f25200f1,Suhani Pittie,,,franchise@suhanipittie.com,+91-9014089000,https://suhanipittie.com,Hyderabad,jewellery,,42,why_text,shopify,95.0,SALES_READY,WhatsApp present on site · No chatbot on site · Found 68 instances of return_policy references · Found 16 instances of shipping_info references,live_discovery,Suhani Pittie — WhatsApp replies before the cart goes cold,"Hi there,

I was looking at Suhani Pittie (Hyderabad). What stood out is that WhatsApp present on site · No chatbot on site · Found 68 instances of return_policy references · Found 16 instances of shipping_info….

I'm Vansh, founder of Inowix. We built COMAI to handle WhatsApp and Instagram commerce chat for Indian jewellery brands — product questions, order updates, and follow-ups in seconds, including after hours.

For a team like yours on Shopify, that usually means more conversions from the same ad spend without adding another support shift.

Would a short 15-minute walkthrough of how COMAI could sit on Suhani Pittie's WhatsApp be useful?

Best,
Vansh Jhamb
Founder, Inowix
vansh@inowix.in
https://inowix.in",sent,live_verified_enrichment
a79473e7-bee5-5e0f-893e-606ed98b0fa6,Oziva,,,community@oziva.in,+91-7400492021,https://oziva.in,Mumbai,health,,6,why_text,shopify,91.0,SALES_READY,WhatsApp present on site · No chatbot on site · Found 8 instances of shipping_info references · Found 4 instances of cod_available references · Found 2 instances of contact_page references,live_discovery,Oziva — WhatsApp replies before the cart goes cold,"Hi there,

I was looking at Oziva (Mumbai). What stood out is that WhatsApp present on site · No chatbot on site · Found 8 instances of shipping_info references · Found 4 instances of cod_available….

I'm Vansh, founder of Inowix. We built COMAI to handle WhatsApp and Instagram commerce chat for Indian health brands — product questions, order updates, and follow-ups in seconds, including after hours.

For a team like yours on Shopify, that usually means more conversions from the same ad spend without adding another support shift.

Would a short 15-minute walkthrough of how COMAI could sit on Oziva's WhatsApp be useful?

Best,
Vansh Jhamb
Founder, Inowix
vansh@inowix.in
https://inowix.in",sent,live_verified_enrichment
16ac70aa-3d9f-5fc3-b33c-22e8164159e3,Farmley,,Founder,wecare@farmley.com,912852459156,https://farmley.com,New Delhi,food,,22,icp_midpoint_default,shopify,60.2,QUALIFIED,,,Farmley — WhatsApp replies before the cart goes cold,"Hi there,

I was looking at Farmley (New Delhi). What stood out is that in New Delhi runs on Shopify, food buyers often need ingredient, fit, or order answers before they convert.

I'm Vansh, founder of Inowix. We built COMAI to handle WhatsApp and Instagram commerce chat for Indian food brands — product questions, order updates, and follow-ups in seconds, including after hours.

For a team like yours on Shopify, that usually means more conversions from the same ad spend without adding another support shift.

Would a short 15-minute walkthrough of how COMAI could sit on Farmley's WhatsApp be useful?

Best,
Vansh Jhamb
Founder, Inowix
vansh@inowix.in
https://inowix.in",sent,comai_buyability_results.json
