segment,company_type_role,company_name,location,industry,ceo_name,ceo_title,ceo_email,ceo_phone,general_email,business_phone,website,domain,other_key_people,linkedin_company,confidence,sources,notes
Fertilizer / Chemicals (PSU),Manufacturer,The Fertilisers And Chemicals Travancore Ltd (FACT),"Udyogamandal / Ambalamedu, Kochi, Kerala",Fertilizer & Chemicals,S. Sakthimani,Chairman & Managing Director,cmd@factltd.com,04842545418,cmd@factltd.com,04842545418,https://fact.co.in,fact.co.in,Niranjan S. Sonak / Anupam Misra (Director Marketing — additional charge variants on site),https://www.linkedin.com/company/fertilisers-and-chemicals-travancore-limited,high,fact.co.in board/contact pages + CMD appointment news,India's first large-scale fertilizer plant; GoI PSU
Fertilizer / Organic Agri,Manufacturer + Distributor + Retail,South Indian Fertilizers (SIF),"IDA Edayar, Binanipuram, Kochi - 683502",Organic Fertilizers & Agri Inputs,R. Sunil Kumar,Managing Director / Director,sif@sif.in,+917012785820,sif@sif.in,+917012785820; +917306394194,https://sif.in,sif.in,"Group also includes Kochin Agro Nutrients & Chemicals, Geo Agro Tech, Kissan Kendra",,high,sif.in about/contact,Est. 1979; organic fertilizer pioneer in Kerala
Agriculture / Agrochemicals,Manufacturer,Biota Agro Solutions Pvt. Ltd.,"Kuttikkattukara, Kalamassery / Ernakulam, Kochi","Agrochemicals (Copper fungicides, Bordeaux mix, etc.)",Thomas Francis,Director,,+919447236768,,04843299785; 04842546776; +919447236768,,,,,medium,Public director contact listings / company directories,Copper oxychloride / sulphate / Blue Bordo products
Chemicals (Heavy / Chlor-alkali),Manufacturer (Kerala PSU),The Travancore Cochin Chemicals Ltd (TCC),"Udyogamandal, Kochi - 683501","Caustic soda, Chlorine & allied chemicals",Rajeev R (Rajeev Ramakrishnan),Managing Director,tccmd@tcckerala.com,,tccmd@tcckerala.com,,https://www.tcckerala.com,tcckerala.com,Board includes Govt. of Kerala / KSIDC nominees,https://www.linkedin.com/company/the-travancore-cochin-chemicals-ltd,high,tcckerala.com board + MCA/Zauba registry email,Only chlor-alkali unit in Kerala
Chemicals (Lab / Fine / Agro / Pharma API),Manufacturer + Distributor,Nice Chemicals Private Limited,"Manimala Road, Edappally, Kochi - 682024","Laboratory fine chemicals, specialty chemicals, agro, glassware",Venugopal Govindankutty Nair,Key executive / leadership (public directories); board includes Valsala Ramakrishnan (Wholetime Director),mail@nicechemicals.com,04842788700,mail@nicechemicals.com,04842788700-709,https://nicechemicals.com,nicechemicals.com,Valsala Ramakrishnan (Wholetime Director); Sumita Menon (Director — per filings),,high,nicechemicals.com contact + Tracxn/EasyLeadz directors,Est. 1976; strong lab-chemical brand in South India
Chemicals (Industrial / Solvents / Detergents),Manufacturer + Distributor / Trader,Cochin Petromins Pvt Ltd,"Binanipuram IDA / Ernakulam, Kochi","Industrial chemicals, solvents, thinners, detergents",Unnikrishnan R,Managing Director,md@cppl.co.in,04842555455,md@cppl.co.in,04842555455,https://cppl.co.in,cppl.co.in,,,high,cppl.co.in + MCA DIN profile (MD),Trading since 1993; manufacturing from 2011
Chemicals (Home / Industrial cleaning),Manufacturer + Distributor,KSOV Corporation,"Edappally, AIMS P.O, Kochi - 682041",Detergents / laundry & liquid wash chemicals (EKAA World),Santhosh Kumar,Proprietor / Owner,,04842801716,,04842801716; 18004253737,https://www.ksovcorporation.com,ksovcorporation.com,,https://www.linkedin.com/company/ksovcorporation,high,ksovcorporation.com contact + LinkedIn proprietor,
Chemicals (Hygiene / Detergents / Pigments),Manufacturer + Distributor,Jonarin Pigments Private Limited,"Kochi, Kerala","Home hygiene, detergents, industrial laundry chemicals",Breeze Joseph,CEO,chemicals@jonarin.com,04842345556,chemicals@jonarin.com,04842345556,,jonarin.com,Joseph Abraham Arakkathara; Treesa Joseph (Directors — public listings),https://www.linkedin.com/company/jonarin-pigments-private-limited,medium,LinkedIn CEO + public contact directories,Est. ~1976
Chemicals (Rubber chemicals / ZnO),Manufacturer + Exporter,Associated Rubber Chemicals (Kochi) Pvt Ltd,"Edappally, Kochi",Rubber chemicals / zinc oxide,,,marketing@assochem.in,04842332134,marketing@assochem.in,04842332134; 04842331768; +919349925777,,assochem.in,Public contact person listed as Arun TS on trade directories,https://www.linkedin.com/company/associated-rubber-chemicals-kochi-pvt-ltd,medium,ANRPC / trade exporter listings,Also mail@assochem.in / accounts@assochem.in cited publicly
Chemicals (Activated carbon),Manufacturer + Exporter,Indo German Carbons Limited (IGCL),"Edayar Industrial Area, Binanipuram, Kochi - 683502",Coconut-shell activated carbon,Dr. P. Mohamed Ali,Chairman (Group / Parent Galfar),info@igcl.com,04842543092,info@igcl.com,04842543092; 04842551986; 04842558106,https://www.igcl.com,igcl.com,Promoted with Galfar Engineering & Contracting (Oman),https://www.linkedin.com/company/indo-german-carbons-ltd,high,igcl.com profile page,Export-oriented activated carbon plant
Chemicals (Rubber / Specialty),Manufacturer,Merchem Limited,"Grove Centre, Kalamassery, Kochi - 683109",Rubber chemicals / specialty chemicals,,,,04844089300,,04844089300,,,,,medium,Public plant address/phone directories (LookChem etc.),MD name/email not clearly verified on open web — follow up via plant switchboard
Chemicals (Water treatment / specialty),Manufacturer,Ecodew (Ecodew Pure Water Solutions Pvt Ltd),"Kochi / Aluva area, Kerala",Water treatment chemicals & solutions,Muhammed Nujoom,CEO / Co-Founder / Director,nujoom@ecodew.solutions,+919020661101,mail@ecodew.solutions,+919020661101,https://ecodew.solutions,ecodew.solutions,Akhil Johny (Co-Founder); Sumayya Rahim (Director),https://www.linkedin.com/company/ecodew,high,Prior Kochi enrichment + LinkedIn/Tofler,Overlap with earlier Kochi list — included as chemical manufacturer fit
Pharma,Manufacturer / Marketer (formulations),Akesiss Pharma Pvt. Ltd.,"Pathadipalam, Edappally, Kochi - 682024",Pharmaceutical formulations (branded generics),Ashok Kumar K (Ashok Kumar Kannampalam),Managing Director,info@akesissindia.com,04842544448,info@akesissindia.com,04842544448,https://akesiss.com,akesiss.com,Padmadas P; Sharath Kumar KK; Thomsan George (Directors – Sales & Marketing),,high,akesiss.com management + TheCompanyCheck,Founded ~2008/2009
Pharma,Pharmaceutical company (marketing / manufacturing partnership model),Rowez Life Sciences Private Limited,"Kochi, Kerala",Pharmaceuticals,Paily Baby P.X,Managing Director,,,,,https://rowezlifesciences.com,rowezlifesciences.com,,https://www.linkedin.com/company/rowez-life-sciences-private-limited,medium,LinkedIn MD + company website,Est. 2008; public email/phone not on homepage crawl — use site contact form / LinkedIn
Pharma,Pharmaceutical marketer / company,Ezole Pharmaceutical,"Kochi, Kerala",Pharmaceutical formulations marketing,,,,,,,https://ezolepharmaceutical.com,ezolepharmaceutical.com,,,low,Company website (presence confirmed); leadership contacts not public,Claims 100Cr+ business / 300+ staff — good target; needs MCA exact legal name follow-up
Pharma / Biotech reagents,Manufacturer / Services,GENESPEC Private Limited,"CSEZ Kakkanad / Elamakkara, Kochi",Genomics / sequencing / bioinformatics,Sajesh Puthenpurackal Krishnankutty,Director,info@genespec.com,+919744233433,info@genespec.com,+919744233433; +917907191205,https://genespec.com,genespec.com,Vijayakumar Arun (Director),,high,Prior enrichment + genespec.com/contacts + MCA directors,Included as life-science / bio manufacturer-service fit
Pharma / Biotech testing,Manufacturer / Lab services,Merit Biolabs (PVT Merit Biolabs),Kochi / Ernakulam,"Biotech testing, fermentation, life-science services",Dr. Achamma Thomas,CEO / Founder,meritbiolabs@gmail.com,+916238559920,meritbiolabs@gmail.com,+916238559920; 04842808384,https://pvtmeritbiolabs.com,pvtmeritbiolabs.com,,https://www.linkedin.com/company/pvt-merit-biolabs,high,Prior Kochi enrichment,
Biogas,Manufacturer + Installer,Hind Biogas,"Kalamassery Industrial Area, Kochi - 682022",Biogas plants (domestic / portable / industrial),,,,+917942539636,,+917942539636,,,,https://www.linkedin.com/company/hind-biogas,medium,IndiaMART Ernakulam listings + LinkedIn company,Also listed phones 73211190 / 84191920 on LinkedIn snippet — verify before outreach
Biogas,Manufacturer + Installer,Navajyothi Biogas,"Eloor, Kochi / Ernakulam - 683501",Biogas plants (villa / apartment / commercial),,Proprietorship (est. 2016),,,,,,,,,low,IndiaMART + TheCompanyCheck org profile (Eloor),Strong product fit; proprietor name/email behind IndiaMART login — enrich via call/GST
Chemicals / Peptides,Manufacturer,Biosix Peptides (India) Pvt. Ltd.,"KINFRA Hi-Tech Park, Kalamassery, Kochi",Peptides / chemical manufacturing,Mullassery Gopalakrishnan Joshy,Managing Director,kkrcca66@gmail.com,,kkrcca66@gmail.com,,,,Manakulangaraparambil Asharaff Sultan (Director),,medium,Prior Kochi enrichment / MCA aggregators,
