company_name,location,industry,company_size,year_founded,company_type,enrichment_status,domain,website,ceo_name,ceo_title,ceo_email,ceo_phone,ceo_linkedin,general_email,business_phone,all_emails,all_phones,linkedin_company_url,decision_makers,sources
Kanotekk Engineering Consultants Pvt. Ltd.,"Kochi, Kerala, India, Asia",Oil and Gas,1,2019,Privately Held,domain_not_found,,,,,,,,,,,,,OR OR|SERP,"serp:""Kanotekk Engineering Consultants Pvt. Ltd."" Kochi (CEO OR "" | serp:""Kanotekk Engineering Consultants Pvt. Ltd."" Kochi email OR  | serp:""Kanotekk Engineering Consultants Pvt. Ltd."" site:zaubacorp. | page:https://www.bing.com/?scope=web&cc=IN | serp:""Kanotekk Engineering Consultants Pvt. Ltd."" site:thecompany | page:https://www.bing.com/?scope=web&cc=IN | serp:""Kanotekk Engineering Consultants Pvt. Ltd."" site:indiamart. | serp:""Kanotekk Engineering Consultants Pvt. Ltd."" site:justdial.c | serp:""Kanotekk Engineering Consultants Pvt. Ltd."" site:linkedin.c | serp:""Kanotekk Engineering Consultants Pvt. Ltd."" site:linkedin.c"
PhyEcoSyS Pvt. Ltd.,"Kochi, Kerala, India, Asia",Biotechnology Research,6,2025,Privately Held,domain_not_found,,,,,,,,,,,,,OR OR|SERP,"serp:""PhyEcoSyS Pvt. Ltd."" Kochi (CEO OR ""Managing Director"" OR F | serp:""PhyEcoSyS Pvt. Ltd."" Kochi email OR phone OR contact | serp:""PhyEcoSyS Pvt. Ltd."" site:zaubacorp.com | page:https://www.bing.com/?scope=web&cc=IN | serp:""PhyEcoSyS Pvt. Ltd."" site:thecompanycheck.com | page:https://www.bing.com/?scope=web&cc=IN | serp:""PhyEcoSyS Pvt. Ltd."" site:indiamart.com | serp:""PhyEcoSyS Pvt. Ltd."" site:justdial.com Kochi | serp:""PhyEcoSyS Pvt. Ltd."" site:linkedin.com/in | serp:""PhyEcoSyS Pvt. Ltd."" site:linkedin.com/company"
SREELAKSHMI ENERGY SYSTEM PVT. LTD.,"Kochi, Kerala, India, Asia",Oil and Gas,89,2006,Privately Held,domain_not_found,,,,,,,,,,,,,OR OR|SERP,"serp:""SREELAKSHMI ENERGY SYSTEM PVT. LTD."" Kochi (CEO OR ""Managin | serp:""SREELAKSHMI ENERGY SYSTEM PVT. LTD."" Kochi email OR phone O | serp:""SREELAKSHMI ENERGY SYSTEM PVT. LTD."" site:zaubacorp.com | page:https://www.bing.com/?scope=web&cc=IN | serp:""SREELAKSHMI ENERGY SYSTEM PVT. LTD."" site:thecompanycheck.c | page:https://www.bing.com/?scope=web&cc=IN | serp:""SREELAKSHMI ENERGY SYSTEM PVT. LTD."" site:indiamart.com | serp:""SREELAKSHMI ENERGY SYSTEM PVT. LTD."" site:justdial.com Koch | serp:""SREELAKSHMI ENERGY SYSTEM PVT. LTD."" site:linkedin.com/in | serp:""SREELAKSHMI ENERGY SYSTEM PVT. LTD."" site:linkedin.com/comp"
Ecodew,"Kochi, Kerala, India, Asia",Chemical Manufacturing,11,2018,Privately Held,enriched,ecodew.solutions,https://www.ecodew.solutions/,chief executive or,SERP,,+919020661101,,sales@ecodew.solutions,+919020661101,mail@ecodew.solutions; sales@ecodew.solutions,+919020661101; +919020748884; +917861291378; +917866365617; +917866590037; +916426924975; +916821139436; +917199518043,https://www.linkedin.com/company/ecodew,chief executive or|SERP; Search by EPIC No|SERP; Madhya Pradesh|SERP; Learn meaning of|SERP; Jharkhand Election|SERP,"prior_domain:ecodew.solutions | serp:""Ecodew"" Kochi (CEO OR ""Managing Director"" OR Founder OR Dir | serp:""Ecodew"" Kochi email OR phone OR contact | serp:""Ecodew"" site:zaubacorp.com | page:https://www.bing.com/?scope=web&cc=IN | serp:""Ecodew"" site:thecompanycheck.com | page:https://www.bing.com/?scope=web&cc=IN | serp:""Ecodew"" site:indiamart.com | serp:""Ecodew"" site:justdial.com Kochi | serp:""Ecodew"" site:linkedin.com/in | serp:""Ecodew"" site:linkedin.com/company | serp:site:ecodew.solutions (CEO OR Founder OR Director OR team OR"
Merit Biolabs,"Kochi, Kerala, India, Asia",Biotechnology Research,29,,Privately Held,domain_not_found,,,,,,,,,,,,https://www.linkedin.com/company/mohyal-educational-research-institute-of-technology,OR OR|SERP,"serp:""Merit Biolabs"" Kochi (CEO OR ""Managing Director"" OR Founder | serp:""Merit Biolabs"" Kochi email OR phone OR contact | serp:""Merit Biolabs"" site:zaubacorp.com | page:https://www.bing.com/?scope=web&cc=IN | serp:""Merit Biolabs"" site:thecompanycheck.com | page:https://www.bing.com/?scope=web&cc=IN | serp:""Merit Biolabs"" site:indiamart.com | serp:""Merit Biolabs"" site:justdial.com Kochi | serp:""Merit Biolabs"" site:linkedin.com/in | serp:""Merit Biolabs"" site:linkedin.com/company"
GENESPEC PRIVATE LIMITED,"Kochi, Kerala, India, Asia",Biotechnology Research,8,2022,Privately Held,enriched,genespec.com,https://www.genespec.com/,chief executive or,SERP,,+919744233433,,info@genespec.com,+919744233433,info@genespec.com,+919744233433; +917907191205; +918904852725; +919501376977; +917035086572,,chief executive or|SERP; Search by EPIC No|SERP; Madhya Pradesh|SERP; Learn meaning of|SERP; Jharkhand Election|SERP,"prior_domain:genespec.com | serp:""GENESPEC PRIVATE LIMITED"" Kochi (CEO OR ""Managing Director"" | serp:""GENESPEC PRIVATE LIMITED"" Kochi email OR phone OR contact | serp:""GENESPEC PRIVATE LIMITED"" site:zaubacorp.com | page:https://www.bing.com/?scope=web&cc=IN | serp:""GENESPEC PRIVATE LIMITED"" site:thecompanycheck.com | page:https://www.bing.com/?scope=web&cc=IN | serp:""GENESPEC PRIVATE LIMITED"" site:indiamart.com | serp:""GENESPEC PRIVATE LIMITED"" site:justdial.com Kochi | serp:""GENESPEC PRIVATE LIMITED"" site:linkedin.com/in | serp:""GENESPEC PRIVATE LIMITED"" site:linkedin.com/company | serp:site:genespec.com (CEO OR Founder OR Director OR team OR abo"
De Staco Turnkey Solutions LLP,"Kochi, Kerala, India, Asia",Oil and Gas,27,2019,Partnership,enriched,de-staco.com,https://de-staco.com,chief executive or,SERP,,+918921090337,,,+918921090337,,+918921090337; +918382949752; +917775145710; +916686232459; +919693902087; +917271926023; +918224571963; +916609886236,https://www.linkedin.com/company/destaco,chief executive or|SERP; Search by EPIC No|SERP; Madhya Pradesh|SERP; Learn meaning of|SERP; Jharkhand Election|SERP,"hint_verified:de-staco.com | serp:""De Staco Turnkey Solutions LLP"" Kochi (CEO OR ""Managing Dir | serp:""De Staco Turnkey Solutions LLP"" Kochi email OR phone OR con | serp:""De Staco Turnkey Solutions LLP"" site:zaubacorp.com | page:https://www.bing.com/?scope=web&cc=IN | serp:""De Staco Turnkey Solutions LLP"" site:thecompanycheck.com | page:https://www.bing.com/?scope=web&cc=IN | serp:""De Staco Turnkey Solutions LLP"" site:indiamart.com | serp:""De Staco Turnkey Solutions LLP"" site:justdial.com Kochi | serp:""De Staco Turnkey Solutions LLP"" site:linkedin.com/in | serp:""De Staco Turnkey Solutions LLP"" site:linkedin.com/company | serp:site:de-staco.com (CEO OR Founder OR Director OR team OR abo"
Thinkbizz Ventures LLP,"Kochi, Kerala, India, Asia",Pharmaceutical Manufacturing,3,2015,Privately Held,domain_not_found,,,,,,,,,,,,,OR OR|SERP,"serp:""Thinkbizz Ventures LLP"" Kochi (CEO OR ""Managing Director"" O | serp:""Thinkbizz Ventures LLP"" Kochi email OR phone OR contact | serp:""Thinkbizz Ventures LLP"" site:zaubacorp.com | page:https://www.bing.com/?scope=web&cc=IN | serp:""Thinkbizz Ventures LLP"" site:thecompanycheck.com | page:https://www.bing.com/?scope=web&cc=IN | serp:""Thinkbizz Ventures LLP"" site:indiamart.com | serp:""Thinkbizz Ventures LLP"" site:justdial.com Kochi | serp:""Thinkbizz Ventures LLP"" site:linkedin.com/in | serp:""Thinkbizz Ventures LLP"" site:linkedin.com/company"
Biosix Peptides India Pvt. Ltd.,"Kochi, Kerala, India, Asia",Chemical Manufacturing,3,2009,Partnership,partial,,,of our experienced funeral,SERP,,,,,,,,,of our experienced funeral|SERP,"serp:""Biosix Peptides India Pvt. Ltd."" Kochi (CEO OR ""Managing Di | serp:""Biosix Peptides India Pvt. Ltd."" Kochi email OR phone OR co | serp:""Biosix Peptides India Pvt. Ltd."" site:zaubacorp.com | page:https://www.bing.com/?scope=web&cc=IN | serp:""Biosix Peptides India Pvt. Ltd."" site:thecompanycheck.com | page:https://www.bing.com/?scope=web&cc=IN | serp:""Biosix Peptides India Pvt. Ltd."" site:indiamart.com | serp:""Biosix Peptides India Pvt. Ltd."" site:justdial.com Kochi | serp:""Biosix Peptides India Pvt. Ltd."" site:linkedin.com/in | serp:""Biosix Peptides India Pvt. Ltd."" site:linkedin.com/company"
ANTS Lifecare Pvt. Ltd.,"Kochi, Kerala, India, Asia",Biotechnology Research,14,,Privately Held,partial,,,ancestors in Creta,SERP,,,,,,,,,ancestors in Creta|SERP,"serp:""ANTS Lifecare Pvt. Ltd."" Kochi (CEO OR ""Managing Director""  | serp:""ANTS Lifecare Pvt. Ltd."" Kochi email OR phone OR contact | serp:""ANTS Lifecare Pvt. Ltd."" site:zaubacorp.com | page:https://www.bing.com/?scope=web&cc=IN | serp:""ANTS Lifecare Pvt. Ltd."" site:thecompanycheck.com | page:https://www.bing.com/?scope=web&cc=IN | serp:""ANTS Lifecare Pvt. Ltd."" site:indiamart.com | serp:""ANTS Lifecare Pvt. Ltd."" site:justdial.com Kochi | serp:""ANTS Lifecare Pvt. Ltd."" site:linkedin.com/in | serp:""ANTS Lifecare Pvt. Ltd."" site:linkedin.com/company"
Tubazionic Engineering Pvt Ltd,"Kochi, Kerala, India, Asia",Oil and Gas,1,,Privately Held,enriched,tubazionic.com,https://tubazionic.com,chief executive or,SERP,,+918129692605,,info@tubazionic.com,+918129692605,info@tubazionic.com,+918129692605; +919400622838; +917356522955,,chief executive or|SERP; believe in fostering strong|Website; Search by EPIC No|SERP; Madhya Pradesh|SERP; Learn meaning of|SERP,"hint_verified:tubazionic.com | serp:""Tubazionic Engineering Pvt Ltd"" Kochi (CEO OR ""Managing Dir | serp:""Tubazionic Engineering Pvt Ltd"" Kochi email OR phone OR con | serp:""Tubazionic Engineering Pvt Ltd"" site:zaubacorp.com | page:https://www.bing.com/?scope=web&cc=IN | serp:""Tubazionic Engineering Pvt Ltd"" site:thecompanycheck.com | page:https://www.bing.com/?scope=web&cc=IN | serp:""Tubazionic Engineering Pvt Ltd"" site:indiamart.com | serp:""Tubazionic Engineering Pvt Ltd"" site:justdial.com Kochi | serp:""Tubazionic Engineering Pvt Ltd"" site:linkedin.com/in | serp:""Tubazionic Engineering Pvt Ltd"" site:linkedin.com/company | serp:site:tubazionic.com (CEO OR Founder OR Director OR team OR a"
LANCER DRUGS AND PHARMACEUTICALS INDIA,"Kochi, Kerala, India, Asia",Pharmaceutical Manufacturing,15,2015,Partnership,domain_not_found,,,,,,,,,,,,https://www.linkedin.com/company/lancers-network-limited,OR OR|SERP,"serp:""LANCER DRUGS AND PHARMACEUTICALS INDIA"" Kochi (CEO OR ""Mana | serp:""LANCER DRUGS AND PHARMACEUTICALS INDIA"" Kochi email OR phon | serp:""LANCER DRUGS AND PHARMACEUTICALS INDIA"" site:zaubacorp.com | page:https://www.bing.com/?scope=web&cc=IN | serp:""LANCER DRUGS AND PHARMACEUTICALS INDIA"" site:thecompanychec | page:https://www.bing.com/?scope=web&cc=IN | serp:""LANCER DRUGS AND PHARMACEUTICALS INDIA"" site:indiamart.com | serp:""LANCER DRUGS AND PHARMACEUTICALS INDIA"" site:justdial.com K | serp:""LANCER DRUGS AND PHARMACEUTICALS INDIA"" site:linkedin.com/i | serp:""LANCER DRUGS AND PHARMACEUTICALS INDIA"" site:linkedin.com/c"
Kochi Salem Pipeline Pvt. Ltd,"Kochi, Kerala, India, Asia",Oil and Gas,7,2016,Privately Held,enriched,petronetlng.com,https://petronetlng.in,Our teams in Elkridge,SERP,,,,pllmarketing@petronetlng.in,,pllmarketing@petronetlng.in,,,Our teams in Elkridge|SERP; Our Leadership Board of|Mentioned,"hint_verified:petronetlng.com | serp:""Kochi Salem Pipeline Pvt. Ltd"" Kochi (CEO OR ""Managing Dire | serp:""Kochi Salem Pipeline Pvt. Ltd"" Kochi email OR phone OR cont | serp:""Kochi Salem Pipeline Pvt. Ltd"" site:zaubacorp.com | page:https://www.bing.com/?scope=web&cc=IN | serp:""Kochi Salem Pipeline Pvt. Ltd"" site:thecompanycheck.com | page:https://www.bing.com/?scope=web&cc=IN | serp:""Kochi Salem Pipeline Pvt. Ltd"" site:indiamart.com | serp:""Kochi Salem Pipeline Pvt. Ltd"" site:justdial.com Kochi | serp:""Kochi Salem Pipeline Pvt. Ltd"" site:linkedin.com/in | serp:""Kochi Salem Pipeline Pvt. Ltd"" site:linkedin.com/company | serp:site:petronetlng.com (CEO OR Founder OR Director OR team OR "
CINDER CARBON,"Kochi, Kerala, India, Asia",Chemical Manufacturing,2,2016,Partnership,domain_not_found,,,,,,,,,,,,,OR OR|SERP,"serp:""CINDER CARBON"" Kochi (CEO OR ""Managing Director"" OR Founder | serp:""CINDER CARBON"" Kochi email OR phone OR contact | serp:""CINDER CARBON"" site:zaubacorp.com | page:https://www.bing.com/?scope=web&cc=IN | serp:""CINDER CARBON"" site:thecompanycheck.com | page:https://www.bing.com/?scope=web&cc=IN | serp:""CINDER CARBON"" site:indiamart.com | serp:""CINDER CARBON"" site:justdial.com Kochi | serp:""CINDER CARBON"" site:linkedin.com/in | serp:""CINDER CARBON"" site:linkedin.com/company"
ZeeKay International,"Kochi, Kerala, India, Asia",Oil and Gas,5,2017,Privately Held,enriched,zeekayinternational.com,https://zeekayinternational.com,Zohaib Kurd,Founder,,+919232180552,,info@zeekayinternational.com,+919232180552,info@zeekayinternational.com,+919232180552; +917191258202; +918101576790; +916070816993,,Zohaib Kurd|Founder; ships Collaborations TRUSTED|Mentioned; leading infrastructure|Mentioned; expanding our market presence|Mentioned; chief executive or|SERP,"prior_domain:zeekayinternational.com | serp:""ZeeKay International"" Kochi (CEO OR ""Managing Director"" OR  | serp:""ZeeKay International"" Kochi email OR phone OR contact | serp:""ZeeKay International"" site:zaubacorp.com | page:https://www.bing.com/?scope=web&cc=IN | serp:""ZeeKay International"" site:thecompanycheck.com | page:https://www.bing.com/?scope=web&cc=IN | serp:""ZeeKay International"" site:indiamart.com | serp:""ZeeKay International"" site:justdial.com Kochi | serp:""ZeeKay International"" site:linkedin.com/in | serp:""ZeeKay International"" site:linkedin.com/company | serp:site:zeekayinternational.com (CEO OR Founder OR Director OR "
Lab Technics India,"Kochi, Kerala, India, Asia",Chemical Manufacturing,1,1996,Partnership,domain_not_found,,,,,,,,,,,,https://www.linkedin.com/company/labcorp,OR OR|SERP,"serp:""Lab Technics India"" Kochi (CEO OR ""Managing Director"" OR Fo | serp:""Lab Technics India"" Kochi email OR phone OR contact | serp:""Lab Technics India"" site:zaubacorp.com | page:https://www.bing.com/?scope=web&cc=IN | serp:""Lab Technics India"" site:thecompanycheck.com | page:https://www.bing.com/?scope=web&cc=IN | serp:""Lab Technics India"" site:indiamart.com | serp:""Lab Technics India"" site:justdial.com Kochi | serp:""Lab Technics India"" site:linkedin.com/in | serp:""Lab Technics India"" site:linkedin.com/company"
Hydrox Technologies Private Limited,"Kochi, Kerala, India, Asia",Chemical Manufacturing,1,2016,Privately Held,enriched,hydrox.in,https://hydrox.in,chief executive or,SERP,,+917817915094,,,+917817915094,,+917817915094; +917368533849; +916832337069; +918345668533; +919098062443,,chief executive or|SERP; Search by EPIC No|SERP; Madhya Pradesh|SERP; Learn meaning of|SERP; Jharkhand Election|SERP,"prior_domain:hydrox.in | serp:""Hydrox Technologies Private Limited"" Kochi (CEO OR ""Managin | serp:""Hydrox Technologies Private Limited"" Kochi email OR phone O | serp:""Hydrox Technologies Private Limited"" site:zaubacorp.com | page:https://www.bing.com/?scope=web&cc=IN | serp:""Hydrox Technologies Private Limited"" site:thecompanycheck.c | page:https://www.bing.com/?scope=web&cc=IN | serp:""Hydrox Technologies Private Limited"" site:indiamart.com | serp:""Hydrox Technologies Private Limited"" site:justdial.com Koch | serp:""Hydrox Technologies Private Limited"" site:linkedin.com/in | serp:""Hydrox Technologies Private Limited"" site:linkedin.com/comp | serp:site:hydrox.in (CEO OR Founder OR Director OR team OR about)"
Meticulous Cochin,"Kochi, Kerala, India, Asia",Oil and Gas,2,2023,Privately Held,enriched,meticulouscochin.com,https://meticulouscochin.com,chief executive or,SERP,,+916155184192,,sales@meticulouscochin.com,+916155184192,sales@meticulouscochin.com; marineservices@meticulouscochin.com; placement@meticulouscochin.com,+916155184192; +919191880337; +917467133467; +917425337503; +919775921901; +916936376656; +917817915094; +919868085888,,chief executive or|SERP; Search by EPIC No|SERP; Madhya Pradesh|SERP; Learn meaning of|SERP; Jharkhand Election|SERP,"prior_domain:meticulouscochin.com | serp:""Meticulous Cochin"" Kochi (CEO OR ""Managing Director"" OR Fou | serp:""Meticulous Cochin"" Kochi email OR phone OR contact | serp:""Meticulous Cochin"" site:zaubacorp.com | page:https://www.bing.com/?scope=web&cc=IN | serp:""Meticulous Cochin"" site:thecompanycheck.com | page:https://www.bing.com/?scope=web&cc=IN | serp:""Meticulous Cochin"" site:indiamart.com | serp:""Meticulous Cochin"" site:justdial.com Kochi | serp:""Meticulous Cochin"" site:linkedin.com/in | serp:""Meticulous Cochin"" site:linkedin.com/company | serp:site:meticulouscochin.com (CEO OR Founder OR Director OR tea"
Capservo Global,"Kochi, Kerala, India, Asia",Oil and Gas,3,,Privately Held,enriched,capservo.com,https://capservo.com,responsible innovation strategic,Mentioned,,,,info@capservo.com,,info@capservo.com; dev@bitogrid.com; john.maxwell@gmail.com; middleeast@capservo.com,,,responsible innovation strategic|Mentioned; of Industrie Joshua sendu|Website; hair follicle seba|SERP; evolving industry demands. Trusted|Mentioned; chief executive or|SERP,"hint_verified:capservo.com | serp:""Capservo Global"" Kochi (CEO OR ""Managing Director"" OR Found | serp:""Capservo Global"" Kochi email OR phone OR contact | serp:""Capservo Global"" site:zaubacorp.com | page:https://www.bing.com/?scope=web&cc=IN | serp:""Capservo Global"" site:thecompanycheck.com | page:https://www.bing.com/?scope=web&cc=IN | serp:""Capservo Global"" site:indiamart.com | serp:""Capservo Global"" site:justdial.com Kochi | serp:""Capservo Global"" site:linkedin.com/in | serp:""Capservo Global"" site:linkedin.com/company | serp:site:capservo.com (CEO OR Founder OR Director OR team OR abo"
