company_name,location,industry,company_size,year_founded,company_type,enrichment_status,domain,website,ceo_name,ceo_title,ceo_email,ceo_phone,ceo_linkedin,general_email,business_phone,all_emails,all_phones,linkedin_company_url,decision_makers,ceo_sources,pages_scraped,errors
Kanotekk Engineering Consultants Pvt. Ltd.,"Kochi, Kerala, India, Asia",Oil and Gas,1,2019,Privately Held,domain_not_found,,,,,,,,,,,,,,"serp:""Kanotekk Engineering Consultants Pvt. Ltd."" CEO K|Neujahr – Wikipedia | serp:""Kanotekk Engineering Consultants Pvt. Ltd."" CEO K|Neujahrsfest – Wikipedia | serp:""Kanotekk Engineering Consultants Pvt. Ltd."" CEO K|Neujahr (Feiertag Deutschland) | serp:""Kanotekk Engineering Consultants Pvt. Ltd."" CEO K|Neujahr: Traditionen, Bräuche und Bedeutungen des neuen Jahres | serp:""Kanotekk Engineering Consultants Pvt. Ltd."" CEO K|Neujahr am 1. Januar - Bedeutung & Bräuche | serp:""Kanotekk Engineering Consultants Pvt. Ltd."" CEO K|Neujahr 2027 - Datum, Bräuche und Entstehung - Kalender-Uhrzeit.de | serp:""Kanotekk Engineering Consultants Pvt. Ltd."" CEO K|Neujahr: Traditionen und Bräuche in Deutschland | serp:""Kanotekk Engineering Consultants Pvt. Ltd."" CEO K|Seit wann beginnt das neue Jahr am 1. Januar? - ARD-alpha",0,domain_not_found
PhyEcoSyS Pvt. Ltd.,"Kochi, Kerala, India, Asia",Biotechnology Research,6,2025,Privately Held,domain_not_found,,,,,,,,,,,,,,"serp:""PhyEcoSyS Pvt. Ltd."" CEO Kochi|Sign in - Google Accounts | serp:""PhyEcoSyS Pvt. Ltd."" CEO Kochi|Sign in - Google Accounts | serp:""PhyEcoSyS Pvt. Ltd."" CEO Kochi|Google Chrome – Download the fast, secure browser from Google | serp:""PhyEcoSyS Pvt. Ltd."" CEO Kochi|Google Images | serp:""PhyEcoSyS Pvt. Ltd."" CEO Kochi|Google Chrome - The Fast & Secure Web Browser Built to be Yours | serp:""PhyEcoSyS Pvt. Ltd."" CEO Kochi|Welcome to My Activity | serp:""PhyEcoSyS Pvt. Ltd."" CEO Kochi|Google Drive - Sign in | serp:""PhyEcoSyS Pvt. Ltd."" CEO Kochi|Google News",0,domain_not_found
SREELAKSHMI ENERGY SYSTEM PVT. LTD.,"Kochi, Kerala, India, Asia",Oil and Gas,89,2006,Privately Held,domain_not_found,,,,,,,,,,,,,,"serp:""SREELAKSHMI ENERGY SYSTEM PVT. LTD."" CEO Kochi|除草剤のバスタ | BASFジャパンアグロソリューション | serp:""SREELAKSHMI ENERGY SYSTEM PVT. LTD."" CEO Kochi|6. 希釈について | BASF除草剤 バスタ | serp:""SREELAKSHMI ENERGY SYSTEM PVT. LTD."" CEO Kochi|2. 効果について | BASF除草剤 バスタ | serp:""SREELAKSHMI ENERGY SYSTEM PVT. LTD."" CEO Kochi|はじめてのバスタ | BASF除草剤 バスタ | serp:""SREELAKSHMI ENERGY SYSTEM PVT. LTD."" CEO Kochi|5. 散布方法について | BASF除草剤 バスタ | serp:""SREELAKSHMI ENERGY SYSTEM PVT. LTD."" CEO Kochi|バスタ®瓦版（かわらばん） | BASF除草剤 バスタ | serp:""SREELAKSHMI ENERGY SYSTEM PVT. LTD."" CEO Kochi|幅広い種類の雑草に効果が高い | BASF除草剤 バスタ | serp:""SREELAKSHMI ENERGY SYSTEM PVT. LTD."" CEO Kochi|登録作物 | BASF除草剤 バスタ",0,domain_not_found
Ecodew,"Kochi, Kerala, India, Asia",Chemical Manufacturing,11,2018,Privately Held,enriched,ecodew.solutions,https://ecodew.solutions,,,,+919020661101,,,+919020661101,,+919020661101; +917861291378; +917866365617; +917866590037; +917326059369; +916426924975; +916392225580; +916821139436; +917199518043; +919820668892; +916927417285,https://www.linkedin.com/company/ecodew,,"serp:""Ecodew"" CEO Kochi|Bokep Porn - Indo Bokep & Bokep Indo Videos - EPORNER | serp:""Ecodew"" CEO Kochi|Bokep Indo - BokepLik | serp:""Ecodew"" CEO Kochi|Indo Porn - Indo Bokep & Bokep Indo Videos - EPORNER | serp:""Ecodew"" CEO Kochi|Indonesian porn videos | free ️ vids @ Tiava | serp:""Ecodew"" CEO Kochi|Bokep Indonesia | Streaming Bokep Full Video | NOBOKEP | serp:""Ecodew"" CEO Kochi|KingBokep TV - Situs Bokep Indo Terbaru dan Terlengkap | serp:""Ecodew"" CEO Kochi|Koleksi Bokep - Koleksi Bokep Terlengkap Indonesia | Nonton Streaming ... | serp:""Ecodew"" CEO Kochi|Koleksi video bokep indo 18+ kualitas HD – BOKEPIDAMAN.COM",5,
Merit Biolabs,"Kochi, Kerala, India, Asia",Biotechnology Research,29,,Privately Held,domain_not_found,,,,,,,,,,,,https://www.linkedin.com/company/mohyal-educational-research-institute-of-technology,,"serp:""Merit Biolabs"" CEO Kochi|IPO GMP Today, Live IPO Grey Market Premium Price | serp:""Merit Biolabs"" CEO Kochi|Shree Ram Twistex IPO GMP Today - Live Grey Market Premium India | IPOwiz | serp:""Merit Biolabs"" CEO Kochi|IPO GMP Today Live | Upcoming IPO 2026 | IPORise | serp:""Merit Biolabs"" CEO Kochi|Shree Ram Twistex IPO GMP, Grey Market Premium Today | serp:""Merit Biolabs"" CEO Kochi|Shree Ram Twistex IPO GMP Today - Live Grey Market Premium | serp:""Merit Biolabs"" CEO Kochi|Latest IPO GMP Today (Live IPO Grey Market Premium) | serp:""Merit Biolabs"" CEO Kochi|Shree Ram Twistex IPO GMP Today, Price Band, Allotment Status | serp:""Merit Biolabs"" CEO Kochi|Shree Ram Twistex IPO GMP Today: Latest Grey Market Premium & Estimated ...",4,qa_rejected_domain:merit.ac.in
GENESPEC PRIVATE LIMITED,"Kochi, Kerala, India, Asia",Biotechnology Research,8,2022,Privately Held,enriched,genespec.com,https://genespec.com,,,,+919744233433,,info@genespec.com,+919744233433,info@genespec.com,+919744233433; +917907191205; +918904852725; +917326059369; +919501376977; +916392225584; +917035086572,,,"serp:""GENESPEC PRIVATE LIMITED"" CEO Kochi|GENESPEC | COMPLETE GENOMICS SOLUTION | serp:""GENESPEC PRIVATE LIMITED"" CEO Kochi|Next-Gen (NGS) Services - GENESPEC | serp:""GENESPEC PRIVATE LIMITED"" CEO Kochi|Sign In - GENESPEC LIMS | serp:""GENESPEC PRIVATE LIMITED"" CEO Kochi|GENESPEC | CONTACT US | serp:""GENESPEC PRIVATE LIMITED"" CEO Kochi|Sanger Sequencing - GENESPEC | serp:""GENESPEC PRIVATE LIMITED"" CEO Kochi|GENESPEC PRIVATE LIMITED | LinkedIn | serp:""GENESPEC PRIVATE LIMITED"" CEO Kochi|GENESPEC | BIOINFORMATICS | serp:""GENESPEC PRIVATE LIMITED"" CEO Kochi|GENESPEC PRIVATE LIMITED Details | Company Profile | Directors Profile ...",3,
De Staco Turnkey Solutions LLP,"Kochi, Kerala, India, Asia",Oil and Gas,27,2019,Partnership,enriched,destaco.com,https://destaco.com,,,,+918382949752,,,+918382949752,,+918382949752; +917775145710; +916686232459; +919693902087; +917271926023; +918224571963; +917326059369; +916392225589; +916609886236; +919698203845; +916848444486; +917824897966; +916201452101,https://www.linkedin.com/company/destaco,,"serp:""De Staco Turnkey Solutions LLP"" CEO Kochi|DE- | English meaning - Cambridge Dictionary | serp:""De Staco Turnkey Solutions LLP"" CEO Kochi|110 Prefix DE Words (Real Examples, Free PDF + Video) | serp:""De Staco Turnkey Solutions LLP"" CEO Kochi|Google | serp:""De Staco Turnkey Solutions LLP"" CEO Kochi|DE Definition & Meaning | Dictionary.com | serp:""De Staco Turnkey Solutions LLP"" CEO Kochi|De Prefix: Meaning and Examples of the Prefix De - 7ESL | serp:""De Staco Turnkey Solutions LLP"" CEO Kochi|De (2020) - IMDb | serp:""De Staco Turnkey Solutions LLP"" CEO Kochi|de- prefix - Definition, pictures, pronunciation and usage notes ... | serp:""De Staco Turnkey Solutions LLP"" CEO Kochi|de- - Wiktionary, the free dictionary",8,
Thinkbizz Ventures LLP,"Kochi, Kerala, India, Asia",Pharmaceutical Manufacturing,3,2015,Privately Held,domain_not_found,,,,,,,,,,,,,,"serp:""Thinkbizz Ventures LLP"" CEO Kochi|Anmelden bei Hotmail | Microsoft Support | serp:""Thinkbizz Ventures LLP"" CEO Kochi|Released: June 2026 Exchange Server Security Updates | Microsoft ... | serp:""Thinkbizz Ventures LLP"" CEO Kochi|What’s New in Microsoft 365 Copilot | June 2026 | Microsoft Community Hub | serp:""Thinkbizz Ventures LLP"" CEO Kochi|Turn sound effects on or off in Outlook | Microsoft Support | serp:""Thinkbizz Ventures LLP"" CEO Kochi|Remove a page break in Word | Microsoft Support | serp:""Thinkbizz Ventures LLP"" CEO Kochi|Close your Outlook.com account | Microsoft Support | serp:""Thinkbizz Ventures LLP"" CEO Kochi|What's New in Excel (January 2026) | Microsoft Community Hub | serp:""Thinkbizz Ventures LLP"" CEO Kochi|BitLocker overview | Microsoft Support",0,domain_not_found
Biosix Peptides India Pvt. Ltd.,"Kochi, Kerala, India, Asia",Chemical Manufacturing,3,2009,Partnership,domain_not_found,,,,,,,,,,,,,,"serp:""Biosix Peptides India Pvt. Ltd."" CEO Kochi|Bangladeshi porn videos | free ️ vids @ Tiava | serp:""Biosix Peptides India Pvt. Ltd."" CEO Kochi|Bangla Porn Videos: Sexy Bangladeshi Girls | xHamster | serp:""Biosix Peptides India Pvt. Ltd."" CEO Kochi|Bangladeshi Sex Videos & Free Bengali Tube - MyDesi HD | serp:""Biosix Peptides India Pvt. Ltd."" CEO Kochi|Bangla sex - Real Bangladeshi sex video and new BD porn | serp:""Biosix Peptides India Pvt. Ltd."" CEO Kochi|বাংলা ভাষায় সেক্স ভিডিও / Porn in Bengali: Sex Videos Featuring ... | serp:""Biosix Peptides India Pvt. Ltd."" CEO Kochi|Bangladeshi sex Porn Videos - iWank XXX | serp:""Biosix Peptides India Pvt. Ltd."" CEO Kochi|Bangladeshi village girl group sex in outdoor setting | serp:""Biosix Peptides India Pvt. Ltd."" CEO Kochi|Bangladeshi Porn - Bangladeshi Girl & Bangladeshi Bhabi Videos - EPORNER",0,domain_not_found
ANTS Lifecare Pvt. Ltd.,"Kochi, Kerala, India, Asia",Biotechnology Research,14,,Privately Held,domain_not_found,,,,,,,,,,,,,,"serp:""ANTS Lifecare Pvt. Ltd."" CEO Kochi|Ant - Wikipedia | serp:""ANTS Lifecare Pvt. Ltd."" CEO Kochi|Ant | Description, Taxonomy, Habitat, Species, Life Cycle, & Facts ... | serp:""ANTS Lifecare Pvt. Ltd."" CEO Kochi|Ant - Types, Size, Anatomy, Habitat, Life Cycle, Lifespan, & Pictures | serp:""ANTS Lifecare Pvt. Ltd."" CEO Kochi|Accueil - France Titres (ANTS) | serp:""ANTS Lifecare Pvt. Ltd."" CEO Kochi|Ant - Simple English Wikipedia, the free encyclopedia | serp:""ANTS Lifecare Pvt. Ltd."" CEO Kochi|Ants, facts and information - National Geographic | serp:""ANTS Lifecare Pvt. Ltd."" CEO Kochi|Ant colony - Wikipedia | serp:""ANTS Lifecare Pvt. Ltd."" CEO Kochi|ANTS Ver 1.0",3,qa_rejected_domain:ants.andamannicobar.gov.in
Tubazionic Engineering Pvt Ltd,"Kochi, Kerala, India, Asia",Oil and Gas,1,,Privately Held,domain_not_found,,,,,,,,,,,,,,"serp:""Tubazionic Engineering Pvt Ltd"" CEO Kochi|The Quiz Widget - BookWidgets | serp:""Tubazionic Engineering Pvt Ltd"" CEO Kochi|Quiz Widget — Add It to Your Website Free | Webynize | serp:""Tubazionic Engineering Pvt Ltd"" CEO Kochi|Free Quiz Widget Generator & Embed Code Playground | PlayQuizNow | serp:""Tubazionic Engineering Pvt Ltd"" CEO Kochi|Quiz Widgets - Build Custom Assessments & Interactive Content | serp:""Tubazionic Engineering Pvt Ltd"" CEO Kochi|Free Quiz Maker Widget - commoninja.com | serp:""Tubazionic Engineering Pvt Ltd"" CEO Kochi|Free Quiz Widgets – Capture Leads with Interactive Quizzes ... | serp:""Tubazionic Engineering Pvt Ltd"" CEO Kochi|Best Quiz Widgets for a Website, Compared | serp:""Tubazionic Engineering Pvt Ltd"" CEO Kochi|Free Quiz Maker Widget for Your Website | MightyWidgets",0,domain_not_found
LANCER DRUGS AND PHARMACEUTICALS INDIA,"Kochi, Kerala, India, Asia",Pharmaceutical Manufacturing,15,2015,Partnership,domain_not_found,,,,,,,,,,,,https://www.linkedin.com/company/lancers-network-limited,,"serp:""LANCER DRUGS AND PHARMACEUTICALS INDIA"" CEO Kochi|The Indian Risk Consulting Corporation | serp:""LANCER DRUGS AND PHARMACEUTICALS INDIA"" CEO Kochi|64 Used Lancer in India - Buy Second Hand Cars - OLX | serp:""LANCER DRUGS AND PHARMACEUTICALS INDIA"" CEO Kochi|Mitsubishi Lancer Price, Images, Mileage, Reviews, Specs | serp:""LANCER DRUGS AND PHARMACEUTICALS INDIA"" CEO Kochi|61 Used Mitsubishi Lancer in India - Buy Second Hand Cars for ... - OLX | serp:""LANCER DRUGS AND PHARMACEUTICALS INDIA"" CEO Kochi|Mitsubishi Lancer - Wikipedia | serp:""LANCER DRUGS AND PHARMACEUTICALS INDIA"" CEO Kochi|Lancer - The Deltarune Wiki | serp:""LANCER DRUGS AND PHARMACEUTICALS INDIA"" CEO Kochi|5 Used Mitsubishi Lancer Cars in India - CarWale | serp:""LANCER DRUGS AND PHARMACEUTICALS INDIA"" CEO Kochi|Jassi Gill Lancer Full Video Song (Official) Bachmate 2 | NEW PUNJABI ...",10,qa_rejected_domain:lancerindia.com
Kochi Salem Pipeline Pvt. Ltd,"Kochi, Kerala, India, Asia",Oil and Gas,7,2016,Privately Held,domain_not_found,,,,,,,,,,,,,,"serp:""Kochi Salem Pipeline Pvt. Ltd"" CEO Kochi|Kochi - Wikipedia | serp:""Kochi Salem Pipeline Pvt. Ltd"" CEO Kochi|THE 30 BEST Places to Visit in Kochi (Cochin) (2026) - Tripadvisor | serp:""Kochi Salem Pipeline Pvt. Ltd"" CEO Kochi|16 places to visit in Kochi that are not tourist traps | serp:""Kochi Salem Pipeline Pvt. Ltd"" CEO Kochi|Best Places to Visit in Kochi (Cochin) - Kerala Tourism | serp:""Kochi Salem Pipeline Pvt. Ltd"" CEO Kochi|Discover Kochi - The Queen of the Arabian Sea | serp:""Kochi Salem Pipeline Pvt. Ltd"" CEO Kochi|40 Best Things To Do In Kochi (Cochin), Kerala 2024 - Royal Brothers | serp:""Kochi Salem Pipeline Pvt. Ltd"" CEO Kochi|Top 15 Places To Visit In Kochi Kerala (UPDATED for 2026) | serp:""Kochi Salem Pipeline Pvt. Ltd"" CEO Kochi|30 Places to Visit in Kochi 2026, Tourist Places & Top Attractions",0,domain_not_found
CINDER CARBON,"Kochi, Kerala, India, Asia",Chemical Manufacturing,2,2016,Partnership,domain_not_found,,,,,,,,,,,,,,"serp:""CINDER CARBON"" CEO Kochi|Cinder - Cinder for Plants Latest Price, Manufacturers & Suppliers | serp:""CINDER CARBON"" CEO Kochi|Cinder (novel) - Wikipedia | serp:""CINDER CARBON"" CEO Kochi|Cinder | serp:""CINDER CARBON"" CEO Kochi|No. 1 Premium Cinder Concrete for your needs - JB International | serp:""CINDER CARBON"" CEO Kochi|GitHub - cinder/Cinder: Cinder is a community-developed, free and open ... | serp:""CINDER CARBON"" CEO Kochi|Cinder (The Lunar Chronicles, #1) by Marissa Meyer | Goodreads | serp:""CINDER CARBON"" CEO Kochi|Cinder | Trust and safety operations for the AI era | serp:""CINDER CARBON"" CEO Kochi|Cinder (programming library) - Wikipedia",6,qa_rejected_domain:libcinder.org
ZeeKay International,"Kochi, Kerala, India, Asia",Oil and Gas,5,2017,Privately Held,enriched,zeekayinternational.com,https://zeekayinternational.com,Zohaib Kurd,Founder,,+919232180552,,info@zeekayinternational.com,+919232180552,info@zeekayinternational.com,+919232180552; +917326059369; +916392225603; +917191258202; +918101576790; +916070816993,,Zohaib Kurd|Founder; Zohaib Kurd|Founder,"serp:""ZeeKay International"" CEO Kochi|Trinidad Cardona - Dinero - YouTube | serp:""ZeeKay International"" CEO Kochi|Trinidad Cardona - Dinero - YouTube | serp:""ZeeKay International"" CEO Kochi|YouTube Music | serp:""ZeeKay International"" CEO Kochi|Paroles de Chansons : Trinidad Cardona - Dinero Lyrics & traduction | serp:""ZeeKay International"" CEO Kochi|Paroles de Chansons : Jennifer Lopez - Dinero Lyrics & traduction | serp:""ZeeKay International"" CEO Kochi|YouTube Music | serp:""ZeeKay International"" CEO Kochi|Traduction Dinero par Trinidad Cardona - Paroles.net | serp:""ZeeKay International"" CEO Kochi|Traduction Dinero par Jennifer Lopez - Paroles.net",4,
Lab Technics India,"Kochi, Kerala, India, Asia",Chemical Manufacturing,1,1996,Partnership,domain_not_found,,,,,,,,,,,,https://www.linkedin.com/company/labcorp,,"serp:""Lab Technics India"" CEO Kochi|Laboratory - Wikipedia | serp:""Lab Technics India"" CEO Kochi|Google Labs: Google's home for AI experiments | serp:""Lab Technics India"" CEO Kochi|Lab Diagnostics, Drug Development, Global Life Sciences | serp:""Lab Technics India"" CEO Kochi|Virtual Labs | serp:""Lab Technics India"" CEO Kochi|Find the Right Diagnostic Lab, Book Blood Test and Scan Online - 1mg | serp:""Lab Technics India"" CEO Kochi|Healthians: India's Trusted At-Home Diagnostic Lab | serp:""Lab Technics India"" CEO Kochi|Diagnostic Centers & Pathology Labs near me | Apollo Diagnostics | serp:""Lab Technics India"" CEO Kochi|Shadan - Welcome to SIMS",10,qa_rejected_domain:labcorp.com
Hydrox Technologies Private Limited,"Kochi, Kerala, India, Asia",Chemical Manufacturing,1,2016,Privately Held,enriched,hydrox.in,https://hydrox.in,Hydrox Team,Author,,+917817915094,,,+917817915094,,+917817915094; +917326059369; +916392225609; +917368533849; +916832337069; +918345668533; +919098062443,,Hydrox Team|Author; Hydrox Team|Author; Hydrox Team|Author; Hydrox Team|Author; Hydrox Team|Author; Hydrox Team|Author; Hydrox Team|Author; Hydrox Team|Author; Hydrox Team|Author; Hydrox Team|Author,"serp:""Hydrox Technologies Private Limited"" CEO Kochi|Freshco Foods | serp:""Hydrox Technologies Private Limited"" CEO Kochi|Cerro Foods - Premium Food Import & Distribution | Australia | serp:""Hydrox Technologies Private Limited"" CEO Kochi|Australia's Top Indian Food Distributor | Amba Foods Melbourne | serp:""Hydrox Technologies Private Limited"" CEO Kochi|List of Australian Food Wholesalers & Distributors | serp:""Hydrox Technologies Private Limited"" CEO Kochi|Home - Intradco PTY LTD | serp:""Hydrox Technologies Private Limited"" CEO Kochi|About us - Freshco Foods | serp:""Hydrox Technologies Private Limited"" CEO Kochi|Ethnic Groceries, Spices & Tea | Chenab Foods Austalia | serp:""Hydrox Technologies Private Limited"" CEO Kochi|The 12 Top Food Distributors in Australia in 2025",10,
Meticulous Cochin,"Kochi, Kerala, India, Asia",Oil and Gas,2,2023,Privately Held,enriched,meticulouscochin.com,https://meticulouscochin.com,,,,+916155184192,,marineservices@meticulouscochin.com,+916155184192,sales@meticulouscochin.com; marineservices@meticulouscochin.com; placement@meticulouscochin.com,+916155184192; +919191880337; +917467133467; +917425337503; +919775921901; +916936376656; +917817915094; +919868085888; +917514750544; +919188033778; +919194959406; +919495940643; +916569616426; +917868646863; +916267256864; +917326059369; +916392225613; +916465362596; +919700715444; +919040149410; +916796269346; +916125272320; +916305490456; +918920279574,,,"serp:""Meticulous Cochin"" CEO Kochi|METICULOUS | English meaning - Cambridge Dictionary | serp:""Meticulous Cochin"" CEO Kochi|METICULOUS Definition & Meaning - Merriam-Webster | serp:""Meticulous Cochin"" CEO Kochi|METICULOUS Synonyms: 82 Similar and Opposite Words - Merriam-Webster | serp:""Meticulous Cochin"" CEO Kochi|METICULOUS | definition in the Cambridge English Dictionary | serp:""Meticulous Cochin"" CEO Kochi|METICULOUS Definition & Meaning | Dictionary.com | serp:""Meticulous Cochin"" CEO Kochi|meticulous - Wiktionary, the free dictionary | serp:""Meticulous Cochin"" CEO Kochi|Meticulous - Definition, Meaning & Synonyms | Vocabulary.com | serp:""Meticulous Cochin"" CEO Kochi|Meticulous - definition of meticulous by The Free Dictionary",4,
Capservo Global,"Kochi, Kerala, India, Asia",Oil and Gas,3,,Privately Held,domain_not_found,,,,,,,,,,,,,,"serp:""Capservo Global"" CEO Kochi|Приложение «Instagram» — App Store | serp:""Capservo Global"" CEO Kochi|Instagram - App Store | serp:""Capservo Global"" CEO Kochi|Teen India: Let's go! - Reddit | serp:""Capservo Global"" CEO Kochi|LockUppOTT - Reddit | serp:""Capservo Global"" CEO Kochi|Cerny Instagram and YouTube mega-influencer who is known for her comedy ... | serp:""Capservo Global"" CEO Kochi|Instagram》App - App Store | serp:""Capservo Global"" CEO Kochi|היישום Instagram‬ - App Store | serp:""Capservo Global"" CEO Kochi|Instagram, Inc. for iPhone - App Store",0,domain_not_found
